<?xml version="1.0"?>
<!-- http://pmd.sourceforge.net/pmd-5.0.2/rules/index.html -->
<ruleset name="custom-ruleset">
    <description>Ruleset by WangJie@Dangbei</description>
    <!-- This ruleset excludes things already covered by checkstyle. -->

    <rule ref="rulesets/java/design.xml">
        <!-- This ignores any explanation in the Javadoc. Bad. -->
        <exclude name="UncommentedEmptyConstructor"/>
        <!-- I disagree. -->
        <exclude name="ConfusingTernary"/>
        <!-- Complains about enums. I know what I'm doing so it's always wrong. -->
        <exclude name="CompareObjectsWithEquals"/>
        <!-- Maintainability is more important than a particular JVM's quirks. -->
        <exclude name="TooFewBranchesForASwitchStatement"/>
        <!-- Interacts poorly with Lombok and JCommander, but could be useful. -->
        <exclude name="ImmutableField"/>
        <exclude name="EmptyMethodInAbstractClassShouldBeAbstract"/>
        <exclude name="AvoidReassigningParameters"/>
        <exclude name="ReturnEmptyArrayRatherThanNull"/>
        <!-- Ignore warning that Single instance with `Holder` -->
        <exclude name="AccessorClassGeneration"/>
        <exclude name="UseVarargs"/>

        <exclude name="AvoidSynchronizedAtMethodLevel"/>
        <exclude name="ConstructorCallsOverridableMethod"/>
        <exclude name="FieldDeclarationsShouldBeAtStartOfClass"/>
        <exclude name="SingularField"/>

    </rule>

    <rule ref="rulesets/java/basic.xml">
        <exclude name="CollapsibleIfStatements"/>
    </rule>

    <rule ref="rulesets/java/clone.xml"/>
    <rule ref="rulesets/java/empty.xml"/>
    <rule ref="rulesets/java/finalizers.xml"/>
    <rule ref="rulesets/java/sunsecure.xml">
        <exclude name="ArrayIsStoredDirectly"/>
        <exclude name="MethodReturnsInternalArray"/>
    </rule>
    <rule ref="rulesets/java/strictexception.xml">
        <exclude name="AvoidCatchingThrowable"/>
        <exclude name="SignatureDeclareThrowsException"/>
        <exclude name="AvoidThrowingRawExceptionTypes"/>
        <exclude name="AvoidCatchingGenericException"/>
        <exclude name="SignatureDeclareThrowsException"/>
        <exclude name="AvoidThrowingNullPointerException"/>
    </rule>

    <rule ref="rulesets/java/strings.xml">
        <exclude name="AvoidDuplicateLiterals"/>
    </rule>
    <rule ref="rulesets/java/typeresolution.xml">
        <exclude name="LooseCoupling"/>
    </rule>
    <rule ref="rulesets/java/unnecessary.xml">
        <!-- Ignores readability concerns. Very bad.-->
        <exclude name="UselessParentheses"/>
        <exclude name="UselessQualifiedThis"/>
    </rule>
    <rule ref="rulesets/java/unusedcode.xml"/>
</ruleset>